{
	"installDirs": {
		"MCNP": "\/media\/khaled\/PartitionE\/MCNP\/MCNP_CODE\/bin",
		"StarCCM": "\/media\/khaled\/PartitionE\/StarCCM\/13.04.011\/STAR-CCM+13.04.011\/star\/bin",
		"materialsDB": "\/media\/khaled\/PartitionE\/Anubis\/Examples\/UROD\/casedefinition\/materialsDB.json"
		},
	"setup": {
		"MCNP": {
					"type":"local",
					"cores": "4"
				},
		"StarCCM": {
					"type": "local",
					"cores": "20",
					"sshpass": "REDACTED",
					"mapFieldsBetweenIterations": "yes",
					"licensePath": "REDACTED"
				}				
		},	
	"initialCases": {
		"MCNP": "\/media\/khaled\/PartitionE\/Anubis\/Examples\/UROD\/initialcases\/mcnp\/urodchannel.inp",
		"StarCCM": "\/media\/khaled\/PartitionE\/Anubis\/Examples\/UROD\/initialcases\/StarCCM\/fuelchannel.sim"
		},
	"outputDir": "\/media\/khaled\/PartitionE\/Anubis\/Examples\/UROD",
	"couplingFlow": {
	"applicationCFD": "StarCCM",
	"maximumStepsCCM": "2500",
	"resumeExistingRun": "no",
	"iteration": "0",
        "startWith": "StarCCM",
		"minIterations": "3",
		"maxIterations": "5",
        "terminationCondition": "tempConvergence",
        "convergenceCriterion": "percentChange",
		"numberOfIterationsToCompareWith" : "2",
        "convergenceTolerance": "2"
		},
	"geometricalOperations": {
        "thermalExpansionCorrection": "yes"
		},
	"densities": {
		"updateDensities": "yes",
		"densityCorrectionEquation": "1/(1+(3*alpha*(Temp-MCNPInitialTemp)*10^-6))",
		"defaultInitialTemp": "293.6"
		},		
	"crossSections": {
		"xsdirIndex": "xsdir",
		"evaluation": "70s",
		"notFound": {
						"accept80s": "no",
						"acceptNatural": "yes"
					}
		},
	"tallies": {
		"totalPowerWatts": "27489",
		"tallyType": "F7",
		"volumes":"\/media\/khaled\/PartitionE\/Anubis\/Examples\/UROD\/casedefinition\/volumes.json"
	}
}
