{
	"regions": {
		"Fuel1": {
						"CCMRegionID": "2",
						"MCNPCellID": "10",
						"MCNPInitialTemp": "293.6",
						"materialsDBID": "mat92"
					 },
		"Fuel2": {
						"CCMRegionID": "3",
						"MCNPCellID": "9",
						"MCNPInitialTemp": "293.6",
						"materialsDBID": "mat92"						
					 },					 
		"Fuel3": {
						"CCMRegionID": "7",
						"MCNPCellID": "8",
						"MCNPInitialTemp": "293.6",
						"materialsDBID": "mat92"						
					 },	
		"Fuel4": {
						"CCMRegionID": "9",
						"MCNPCellID": "7",
						"MCNPInitialTemp": "293.6",
						"materialsDBID": "mat92"						
					 },	
		"Fuel5": {
						"CCMRegionID": "0",
						"MCNPCellID": "6",
						"MCNPInitialTemp": "293.6",
						"materialsDBID": "mat92"						
					 },	
		"Fuel6": {
						"CCMRegionID": "4",
						"MCNPCellID": "5",
						"MCNPInitialTemp": "293.6",
						"materialsDBID": "mat92"						
					 },	
		"Fuel7": {
						"CCMRegionID": "8",
						"MCNPCellID": "4",
						"MCNPInitialTemp": "293.6",
						"materialsDBID": "mat92"						
					 },
		"Fuel8": {
						"CCMRegionID": "1",
						"MCNPCellID": "3",
						"MCNPInitialTemp": "293.6",
						"materialsDBID": "mat92"						
					 },	
		"Fuel9": {
						"CCMRegionID": "5",
						"MCNPCellID": "2",
						"MCNPInitialTemp": "293.6",
						"materialsDBID": "mat92"						
					 },	
		"Fuel10": {
						"CCMRegionID": "6",
						"MCNPCellID": "1",
						"MCNPInitialTemp": "293.6",
						"materialsDBID": "mat92"						
					 }
	}
}
