{
"variables": {
"originalfuelregionvol": "pi*so_100_1^2*(so_2_1-so_3_1)",
"newvol1": "originalfuelregionvol/#!densityCorrection(1)!#",
"newvol2": "originalfuelregionvol/#!densityCorrection(2)!#",
"newvol3": "originalfuelregionvol/#!densityCorrection(3)!#",
"newvol4": "originalfuelregionvol/#!densityCorrection(4)!#",
"newvol5": "originalfuelregionvol/#!densityCorrection(5)!#",
"newvol6": "originalfuelregionvol/#!densityCorrection(6)!#",
"newvol7": "originalfuelregionvol/#!densityCorrection(7)!#",
"newvol8": "originalfuelregionvol/#!densityCorrection(8)!#",
"newvol9": "originalfuelregionvol/#!densityCorrection(9)!#",
"newvol10": "originalfuelregionvol/#!densityCorrection(10)!#",
"fuelregionheight": "10"
},
"surfaces": {
	"s_11_1": "#!alpha(10)!#*(#!Temp(10)!#-#!refTemp(10)!#)*10^-6*fuelregionheight+fuelregionheight + s_12_1",
	"s_10_1": "#!alpha(9)!#*(#!Temp(9)!#-#!refTemp(9)!#)*10^-6*fuelregionheight+fuelregionheight + s_11_1",
	"s_9_1": "#!alpha(8)!#*(#!Temp(8)!#-#!refTemp(8)!#)*10^-6*fuelregionheight+fuelregionheight + s_10_1",
	"s_8_1": "#!alpha(7)!#*(#!Temp(7)!#-#!refTemp(7)!#)*10^-6*fuelregionheight+fuelregionheight + s_9_1",
	"s_7_1": "#!alpha(6)!#*(#!Temp(6)!#-#!refTemp(6)!#)*10^-6*fuelregionheight+fuelregionheight + s_8_1",
	"s_6_1": "#!alpha(5)!#*(#!Temp(5)!#-#!refTemp(5)!#)*10^-6*fuelregionheight+fuelregionheight + s_7_1",
	"s_5_1": "#!alpha(4)!#*(#!Temp(4)!#-#!refTemp(4)!#)*10^-6*fuelregionheight+fuelregionheight + s_6_1",
	"s_4_1": "#!alpha(3)!#*(#!Temp(3)!#-#!refTemp(3)!#)*10^-6*fuelregionheight+fuelregionheight + s_5_1",
	"s_3_1": "#!alpha(2)!#*(#!Temp(2)!#-#!refTemp(2)!#)*10^-6*fuelregionheight+fuelregionheight + s_4_1",
	"s_2_1": "#!alpha(1)!#*(#!Temp(1)!#-#!refTemp(1)!#)*10^-6*fuelregionheight+fuelregionheight + s_3_1",
	"s_100_1": "sqrt(newvol1/(pi*(s_2_1-s_3_1)))",
	"s_101_1": "sqrt(newvol2/(pi*(s_3_1-s_4_1)))",
	"s_102_1": "sqrt(newvol3/(pi*(s_4_1-s_5_1)))",
	"s_103_1": "sqrt(newvol4/(pi*(s_5_1-s_6_1)))",
	"s_104_1": "sqrt(newvol5/(pi*(s_6_1-s_7_1)))",
	"s_105_1": "sqrt(newvol6/(pi*(s_7_1-s_8_1)))",
	"s_106_1": "sqrt(newvol7/(pi*(s_8_1-s_9_1)))",
	"s_107_1": "sqrt(newvol8/(pi*(s_9_1-s_10_1)))",
	"s_108_1": "sqrt(newvol9/(pi*(s_10_1-s_11_1)))",
	"s_109_1": "sqrt(newvol10/(pi*(s_11_1-s_12_1)))"
}
}
