{
"variables": {
"originalfuelregionvol": "pi*so_1_1^2*(so_2_1-so_3_1)",
"deltavol1": "#!alpha(1)!#*3*(#!Temp(1)!#-#!refTemp(1)!#)*originalfuelregionvol*10^-6",
"deltavol2": "#!alpha(2)!#*3*(#!Temp(2)!#-#!refTemp(2)!#)*originalfuelregionvol*10^-6",
"deltavol3": "#!alpha(3)!#*3*(#!Temp(3)!#-#!refTemp(3)!#)*originalfuelregionvol*10^-6",
"deltavol4": "#!alpha(4)!#*3*(#!Temp(4)!#-#!refTemp(4)!#)*originalfuelregionvol*10^-6",
"deltavol5": "#!alpha(5)!#*3*(#!Temp(5)!#-#!refTemp(5)!#)*originalfuelregionvol*10^-6",
"deltavol6": "#!alpha(6)!#*3*(#!Temp(6)!#-#!refTemp(6)!#)*originalfuelregionvol*10^-6",
"deltavol7": "#!alpha(7)!#*3*(#!Temp(7)!#-#!refTemp(7)!#)*originalfuelregionvol*10^-6",
"deltavol8": "#!alpha(8)!#*3*(#!Temp(8)!#-#!refTemp(8)!#)*originalfuelregionvol*10^-6",
"deltavol9": "#!alpha(9)!#*3*(#!Temp(9)!#-#!refTemp(9)!#)*originalfuelregionvol*10^-6",
"deltavol10": "#!alpha(10)!#*3*(#!Temp(10)!#-#!refTemp(10)!#)*originalfuelregionvol*10^-6",
"newvol1": "originalfuelregionvol + deltavol1",
"newvol2": "originalfuelregionvol + deltavol2",
"newvol3": "originalfuelregionvol + deltavol3",
"newvol4": "originalfuelregionvol + deltavol4",
"newvol5": "originalfuelregionvol + deltavol5",
"newvol6": "originalfuelregionvol + deltavol6",
"newvol7": "originalfuelregionvol + deltavol7",
"newvol8": "originalfuelregionvol + deltavol8",
"newvol9": "originalfuelregionvol + deltavol9",
"newvol10": "originalfuelregionvol + deltavol10",
"fuelregionheight": "10"
},
"surfaces": {
	"s_11_1": "#!alpha(10)!#*(#!Temp(10)!#-#!refTemp(10)!#)*10^-6*fuelregionheight+fuelregionheight + s_12_1",
	"s_10_1": "#!alpha(9)!#*(#!Temp(9)!#-#!refTemp(9)!#)*10^-6*fuelregionheight+fuelregionheight + s_11_1",
	"s_9_1": "#!alpha(8)!#*(#!Temp(8)!#-#!refTemp(8)!#)*10^-6*fuelregionheight+fuelregionheight + s_10_1",
	"s_8_1": "#!alpha(7)!#*(#!Temp(7)!#-#!refTemp(7)!#)*10^-6*fuelregionheight+fuelregionheight + s_9_1",
	"s_7_1": "#!alpha(6)!#*(#!Temp(6)!#-#!refTemp(6)!#)*10^-6*fuelregionheight+fuelregionheight + s_8_1",
	"s_6_1": "#!alpha(5)!#*(#!Temp(5)!#-#!refTemp(5)!#)*10^-6*fuelregionheight+fuelregionheight + s_7_1",
	"s_5_1": "#!alpha(4)!#*(#!Temp(4)!#-#!refTemp(4)!#)*10^-6*fuelregionheight+fuelregionheight + s_6_1",
	"s_4_1": "#!alpha(3)!#*(#!Temp(3)!#-#!refTemp(3)!#)*10^-6*fuelregionheight+fuelregionheight + s_5_1",
	"s_3_1": "#!alpha(2)!#*(#!Temp(2)!#-#!refTemp(2)!#)*10^-6*fuelregionheight+fuelregionheight + s_4_1",
	"s_2_1": "#!alpha(1)!#*(#!Temp(1)!#-#!refTemp(1)!#)*10^-6*fuelregionheight+fuelregionheight + s_3_1",
	"s_100_1": "sqrt(newvol1/(pi*(s_2_1-s_3_1)))",
	"s_101_1": "sqrt(newvol2/(pi*(s_3_1-s_4_1)))",
	"s_102_1": "sqrt(newvol3/(pi*(s_4_1-s_5_1)))",
	"s_103_1": "sqrt(newvol4/(pi*(s_5_1-s_6_1)))",
	"s_104_1": "sqrt(newvol5/(pi*(s_6_1-s_7_1)))",
	"s_105_1": "sqrt(newvol6/(pi*(s_7_1-s_8_1)))",
	"s_106_1": "sqrt(newvol7/(pi*(s_8_1-s_9_1)))",
	"s_107_1": "sqrt(newvol8/(pi*(s_9_1-s_10_1)))",
	"s_108_1": "sqrt(newvol9/(pi*(s_10_1-s_11_1)))",
	"s_109_1": "sqrt(newvol10/(pi*(s_11_1-s_12_1)))",
}
}