{
	"installDirs": {
		"MCNP": "\/media\/khaled\/PartitionE\/MCNP\/MCNP_CODE\/bin",
		"OpenFOAM": "",
		"materialsDB": "\/media\/khaled\/PartitionE\/Anubis\/Anubis2021\/Examples\/Local\/FOAM_MCNP\/cylinders\/casedefinition\/materialsDB.json"
		},
	"setup": {
		"MCNP": {
					"type":"local",
					"cores": "4"
				},
		"OpenFOAM": {
					"type": "local",
					"cores": "1",
					"mapFieldsBetweenIterations": "yes"
				}				
		},		
	"initialCases": {
		"MCNP": "\/media\/khaled\/PartitionE\/Anubis\/Anubis2021\/Examples\/Local\/FOAM_MCNP\/cylinders\/initialcases\/mcnp\/cylinders.inp",
		"OpenFOAM": "\/media\/khaled\/PartitionE\/Anubis\/Anubis2021\/Examples\/Local\/FOAM_MCNP\/cylinders\/initialcases\/openfoam"
		},
	"outputDir": "\/media\/khaled\/PartitionE\/Anubis\/Anubis2021\/Examples\/Local\/FOAM_MCNP\/cylinders",
	"couplingFlow": {
		"applicationCFD": "OpenFOAM",
		"resumeExistingRun": "no",
		"iteration": "0",
		"startWith": "OpenFOAM",
		"minIterations": "3",
		"maxIterations": "5",
		"terminationCondition": "tempConvergence",
		"convergenceCriterion": "percentChange",
		"numberOfIterationsToCompareWith" : "2",
		"convergenceTolerance": "1"
		},
	"geometricalOperations": {
        "thermalExpansionCorrection": "yes"
		},
	"densities": {
		"updateDensities": "yes",
		"densityCorrectionEquation": "default",
		"defaultInitialTemp": "280"
		},		
	"crossSections": {
		"xsdirIndex": "xsdir_mcnp6.1",
		"evaluation": "70s",
		"notFound": {
						"accept80s": "no",
						"acceptNatural": "yes"
					}
		},
	"tallies": {
		"totalPowerWatts": "40000",
		"tallyType": "F7",
		"volumes":"MCNP"
	}
}
