{
	"mat92_7": {
		"chemicalFormula": "UN",
		"thermalExpCoeff": "-7.40741E-07*temp^2 + 0.00331037*temp + 6.59642"
		},
	"mat75": {
		"chemicalFormula": "Re",
		"thermalExpCoeff": "2.517672E-78*temp^2 + 0.0006754276*temp + 5.965369"
		},
	"mat4_8": {
		"chemicalFormula": "BeO",
		"thermalExpCoeff": "-2.77778E-7*temp^2 + 0.00322472*temp + 5.34564"
		},
	"mat6_1": {
		"chemicalFormula": "C2H4",
		"thermalExpCoeff": "54"
		},
	"mat6": {
		"chemicalFormula": "C",
		"thermalExpCoeff": "6.48147E-7*temp^2+8.03427E-4*temp+5.21683"
		}
}