{
	"installDirs": {
		"MCNP": "\/media\/khaled\/PartitionE\/MCNP\/MCNP_CODE\/bin",
		"materialsDB": "\/media\/khaled\/PartitionE\/Anubis\/Examples\/UROD\/casedefinition\/materialsDB.json"
		},
	"setup": {
		"MCNP": {
					"type":"remote",
					"username": "REDACTED",
					"hostname": "REDACTED",
					"password": "REDACTED",
					"module": "mcnp6",
					"xsdatadirectory":"MCNPDATA",
					"remoteDir": "Anubis1",
					"queuesystem": "PBS",
					"PBStemplate":"H:\/Anubis\/templates\/PBS\/AnubisRunMCNP.pbs",
					"nodes": "12",
					"cores": "8",
					"walltime": "48:00:00",
					"jobtitle": "Anubis",
					"cleanup": "yes",
					"checktimequeue": "300",
					"checktimeactive": "200"
				},
		"StarCCM": {
					"type": "remote",
					"username": "REDACTED",
					"hostname": "REDACTED",
					"password": "REDACTED",
					"module": "starccm/13.04.011",
					"remoteDir": "Anubis2",
					"queuesystem": "PBS",
					"PBStemplate":"H:\/Anubis\/templates\/PBS\/AnubisRunCCM.pbs",
					"nodes": "12",
					"cores": "8",
					"walltime": "48:00:00",
					"jobtitle": "Anubis",
					"cleanup": "yes",
					"checktimequeue": "300",
					"checktimeactive": "200",
					"mapFieldsBetweenIterations": "yes",
					"licensePath": "REDACTED"
				}				
		},	
	"initialCases": {
		"MCNP": "\/media\/khaled\/PartitionE\/Anubis\/Examples\/UROD\/initialcases\/mcnp\/urodchannel.inp",
		"StarCCM": "\/media\/khaled\/PartitionE\/Anubis\/Examples\/UROD\/initialcases\/StarCCM\/fuelchannel.sim"
		},
	"outputDir": "\/media\/khaled\/PartitionE\/Anubis\/Examples\/UROD",
	"couplingFlow": {
	"applicationCFD": "StarCCM",
	"maximumStepsCCM": "2500",
	"resumeExistingRun": "no",
	"iteration": "0",
        "startWith": "StarCCM",
		"minIterations": "3",
		"maxIterations": "5",
        "terminationCondition": "tempConvergence",
        "convergenceCriterion": "percentChange",
		"numberOfIterationsToCompareWith" : "2",
        "convergenceTolerance": "2"
		},
	"geometricalOperations": {
        "thermalExpansionCorrection": "yes"
		},
	"densities": {
		"updateDensities": "yes",
		"densityCorrectionEquation": "default",
		"defaultInitialTemp": "293.6"
		},		
	"crossSections": {
		"xsdirIndex": "xsdir",
		"evaluation": "70s",
		"notFound": {
						"accept80s": "no",
						"acceptNatural": "yes"
					}
		},
	"tallies": {
		"totalPowerWatts": "27489",
		"tallyType": "F7",
		"volumes":"\/media\/khaled\/PartitionE\/Anubis\/Examples\/UROD\/casedefinition\/volumes.json"
	}
}
