{
	"installDirs": {
		"MCNP": "\/media\/khaled\/PartitionE\/MCNP\/MCNP_CODE\/bin",
		"StarCCM": "\/media\/khaled\/PartitionE\/StarCCM\/13.04.011\/STAR-CCM+13.04.011\/star\/bin",
		"materialsDB": "\/media\/khaled\/PartitionE\/Anubis\/Examples\/cylinders\/casedefinition\/materialsDB.json"
		},
	"setup": {
		"MCNP": {
					"type":"local",
					"cores": "4"
				},
		"StarCCM": {
					"type": "local",
					"cores": "8",
					"sshpass": "REDACTED",
					"mapFieldsBetweenIterations": "yes",
					"licensePath": "REDACTED"
				}				
		},	
	"initialCases": {
		"MCNP": "\/media\/khaled\/PartitionE\/Anubis\/Examples\/cylinders\/initialcases\/mcnp\/cylinders.inp",
		"StarCCM": "\/media\/khaled\/PartitionE\/Anubis\/Examples\/cylinders\/initialcases\/StarCCM\/cylinders.sim"
		},
	"outputDir": "\/media\/khaled\/PartitionE\/Anubis\/Examples\/cylinders",
	"couplingFlow": {
	"applicationCFD": "StarCCM",
	"maximumStepsCCM": "200",
	"resumeExistingRun": "no",
	"iteration": "0",
        "startWith": "StarCCM",
		"minIterations": "3",
		"maxIterations": "5",
        "terminationCondition": "tempConvergence",
        "convergenceCriterion": "percentChange",
		"numberOfIterationsToCompareWith" : "2",
        "convergenceTolerance": "2"
		},
	"geometricalOperations": {
        "thermalExpansionCorrection": "yes"
		},
	"densities": {
		"updateDensities": "yes",
		"densityCorrectionEquation": "default",
		"defaultInitialTemp": "280"
		},		
	"crossSections": {
		"xsdirIndex": "xsdir",
		"evaluation": "70s",
		"notFound": {
						"accept80s": "no",
						"acceptNatural": "yes"
					}
		},
	"tallies": {
		"totalPowerWatts": "787.7543579",
		"tallyType": "F7",
		"volumes":"MCNP"
	}
}
