{
	"installDirs": {
		"MCNP": "C:\/MCNP\/MCNP_CODE\/bin",
		"OpenFOAM": "",
		"materialsDB": "H:\/AnubisRuns\/RemoteFOAM\/casedefinition\/materialsDB.json"
		},
	"setup": {
		"MCNP": {
					"type":"remote",
					"username": "REDACTED",
					"hostname": "REDACTED",
					"password": "REDACTED",
					"module": "mcnp6",
					"xsdatadirectory":"MCNPDATA",
					"remoteDir": "Anubis1",
					"queuesystem": "PBS",
					"PBStemplate":"H:\/Anubis\/templates\/PBS\/AnubisRunMCNP.pbs",
					"nodes": "12",
					"cores": "8",
					"walltime": "48:00:00",
					"jobtitle": "Anubis",
					"cleanup": "no",
					"checktimequeue": "300",
					"checktimeactive": "200"
				},
		"OpenFOAM": {
					"type": "remote",
					"username": "REDACTED",
					"hostname": "REDACTED",
					"password": "REDACTED",
					"module": "openfoam-org-7-gcc-10.2.0-x3twmk2",
					"remoteDir": "Anubis",
					"queuesystem": "PBS",
					"PBStemplate":"H:\/Anubis\/templates\/PBS\/AnubisRunFOAM.pbs",
					"nodes": "2",
					"cores": "2",
					"walltime": "12:00:00",
					"jobtitle": "Anubis",
					"cleanup": "yes",
					"checktimequeue": "300",
					"checktimeactive": "200",
					"mapFieldsBetweenIterations": "no"
				}				
		},		
	"initialCases": {
		"MCNP": "H:\/AnubisRuns\/RemoteFOAM\/initialcases\/mcnp\/cylinders.inp",
		"OpenFOAM": "H:\/AnubisRuns\/RemoteFOAM\/initialcases\/openfoam"
		},
	"outputDir": "H:\/AnubisRuns\/RemoteFOAM",
	"couplingFlow": {
		"applicationCFD": "OpenFOAM",
		"resumeExistingRun": "no",
		"iteration": "0",
		"startWith": "OpenFOAM",
		"minIterations": "3",
		"maxIterations": "5",
		"terminationCondition": "tempConvergence",
		"convergenceCriterion": "percentChange",
		"numberOfIterationsToCompareWith" : "2",
		"convergenceTolerance": "1"
		},
	"geometricalOperations": {
        "thermalExpansionCorrection": "yes"
		},
	"densities": {
		"updateDensities": "yes",
		"densityCorrectionEquation": "default",
		"defaultInitialTemp": "280"
		},		
	"crossSections": {
		"xsdirIndex": "xsdir_mcnp6.1",
		"evaluation": "70s",
		"notFound": {
						"accept80s": "yes",
						"acceptNatural": "yes"
					}
		},
	"tallies": {
		"totalPowerWatts": "40000",
		"tallyType": "F7",
		"volumes":"MCNP"
	}
}
