{
	"installDirs": {
		"MCNP": "C:\/MCNP\/MCNP_CODE\/bin",
		"materialsDB": "H:\/Anubis\/Examples\/cylinders\/casedefinition\/materialsDB.json"
		},
	"setup": {
		"MCNP": {
					"type":"local",
					"cores": "4"		
				},
		"StarCCM": {
					"type": "remote",
					"username": "REDACTED",
					"hostname": "REDACTED",
					"password": "REDACTED",
					"module": "starccm/13.04.011",
					"remoteDir": "Anubis2",
					"queuesystem": "PBS",
					"PBStemplate":"H:\/Anubis\/templates\/PBS\/AnubisRunCCM.pbs",
					"nodes": "12",
					"cores": "8",
					"walltime": "48:00:00",
					"jobtitle": "Anubis",
					"cleanup": "yes",
					"checktimequeue": "300",
					"checktimeactive": "200",
					"mapFieldsBetweenIterations": "yes",
					"licensePath": "REDACTED"
				}				
		},	
	"initialCases": {
		"MCNP": "H:\/AnubisRuns\/cylinders\/initialcases\/mcnp\/cylinders.inp",
		"StarCCM": "H:\/AnubisRuns\/cylinders\/initialcases\/StarCCM\/cylinders.sim"
		},
	"outputDir": "H:\/AnubisRuns\/cylinders",
	"couplingFlow": {
	"applicationCFD": "StarCCM",
	"maximumStepsCCM": "200",
	"resumeExistingRun": "no",
	"iteration": "0",
        "startWith": "MCNP",
		"minIterations": "3",
		"maxIterations": "5",
        "terminationCondition": "tempConvergence",
        "convergenceCriterion": "percentChange",
		"numberOfIterationsToCompareWith" : "2",
        "convergenceTolerance": "2"
		},
	"geometricalOperations": {
        "thermalExpansionCorrection": "yes"
		},
	"densities": {
		"updateDensities": "yes",
		"densityCorrectionEquation": "1/(1+(3*alpha*(Temp-MCNPInitialTemp)*10^-6))",
		"defaultInitialTemp": "280"
		},		
	"crossSections": {
		"xsdirIndex": "xsdir",
		"evaluation": "70s",
		"notFound": {
						"accept80s": "no",
						"acceptNatural": "yes"
					}
		},
	"tallies": {
		"totalPowerWatts": "787.7543579",
		"tallyType": "F7",
		"volumes":"MCNP"
	}
}
